Student,ID,SIS User ID,SIS Login ID,Section,Module 0: Discussion -- Introduce Yourself (903005),Lab 0 Set up Beyond Labz (948405),Lab 1 Measuring Mass (948406),Lab 2 Measuring Volume (948411),Lab 3 Density of Solids and Liquids (948412),Lab 4 Counting Molecules (948413),Lab 5 Phase Changes of Water (948414),Lab 6 Elements and the Periodic Table (948415),Lab 7 Names and Formulas of Ionic Compounds (948416),Lab 8 Gas Laws (948417),Lab 9 Converting Concentration to Different Units (948418),Lab 10 Creating a Solution of Known Molarity (948407),Lab 12 Endothermic vs Exothermic (948409),Lab 11 Freezing Point Depression (948408),Lab 13 Concepts in Acid Base Titrations (948410),Set up Aktiv (948419),Attendance verification/Syllabus quiz (948404),Final Exam DUE AT 11:59 CST NO EXTENSIONS! (948510),Ch 1 - Study of Chemistry (948501),Ch 2 - Measurements (948502),Ch 3 - Matter and Energy (948503),Ch 4 - Atoms and Elements (948504),Ch 6 - Ions Ionic and Molecular Compounds (948505),Ch 7 - Chemical Quantities and Reactions (948506),Ch 8 - Gases (948507),Ch 9 - Solutions (948508),Ch 11 - Acid-Base Chemistry (948509),Assignments Current Points,Assignments Final Points,Assignments Current Score,Assignments Unposted Current Score,Assignments Final Score,Assignments Unposted Final Score,Beyond Labz 30% Current Points,Beyond Labz 30% Final Points,Beyond Labz 30% Current Score,Beyond Labz 30% Unposted Current Score,Beyond Labz 30% Final Score,Beyond Labz 30% Unposted Final Score,Exams (Final) 20% Current Points,Exams (Final) 20% Final Points,Exams (Final) 20% Current Score,Exams (Final) 20% Unposted Current Score,Exams (Final) 20% Final Score,Exams (Final) 20% Unposted Final Score,Problem Sets 50% Current Points,Problem Sets 50% Final Points,Problem Sets 50% Current Score,Problem Sets 50% Unposted Current Score,Problem Sets 50% Final Score,Problem Sets 50% Unposted Final Score,Current Points,Final Points,Current Score,Unposted Current Score,Final Score,Unposted Final Score,Current Grade,Unposted Current Grade,Final Grade,Unposted Final Grade
    Points Possible,,,,,0,10,70,120,80,10,70,60,10,70,70,40,20,60,40,10,6,30,21,30,30,30,30,30,30,30,30,(read only),(read only),(read only),(read only),(read only),(read only),(read only),(read only),(read only),(read only),(read only),(read only),(read only),(read only),(read only),(read only),(read only),(read only),(read only),(read only),(read only),(read only),(read only),(read only),(read only),(read only),(read only),(read only),(read only),(read only),(read only),(read only),(read only),(read only)
"Aardvark, Amy",62351,123123,aaardvark@stu.jsu.edu,Summer 2025-SF Concepts of General Chemistry I (CY-115-001) 31490,,10,60,120,80,10,20,60,5.7,65,,,,,,,6,,21,26,28,30,29,26,30,28,,0,0,,,,,430.7,430.7,86.14,86.14,59,59,6,6,100,100,13.04,13.04,218,218,94.37,94.37,83.52,83.52,654.7,654.7,88.83,88.83,63.13,63.13,A,A,D,D
"Bradley, Jeff",86142,456456,jjbradley@stu.jsu.edu,Summer 2025-SF Concepts of General Chemistry I (CY-115-001) 31490,,10,70,80,80,10,50,60,6.7,70,70,40,,45,40,,6,30,21,29,28,30,28,30,30,,,0,0,,,,,631.7,631.7,88.97,88.97,86.53,86.53,36,36,100,100,78.26,78.26,196,196,97.51,97.51,75.1,75.1,863.7,863.7,91.2,91.2,83.29,83.29,A,A,B,B
"Cannon, Lucy",96265,789789,lcannon@stu.jsu.edu,Summer 2025-SF Concepts of General Chemistry I (CY-115-001) 31490,,10,70,110,70,7.9,70,60,8.8,70,,,,,,,6,28,21,30,30,30,29,30,30,30,29,0,0,,,,,476.7,476.7,95.34,95.34,65.3,65.3,34,34,94.44,94.44,73.91,73.91,259,259,99.23,99.23,99.23,99.23,769.7,769.7,96.57,96.57,74.22,74.22,A,A,C,C
"Student, Test",121195,,89c299c488df64038eaad5933c75745d0cb5a974,Summer 2025-SF Concepts of General Chemistry I (CY-115-001) 31490,,10,62.3,97.7,72,8.4,58.6,59.6,7.6,70,70,40,20,45,36.7,,0,,,,,,,,,,,0,0,,,,,657.9,657.9,90.12,90.12,90.12,90.12,0,0,0,0,0,0,0,0,,,0,0,657.9,657.9,89.39,89.39,63.44,63.44,A,A,D,D
