Name N=31,Username,Counting Molecules: Autograded Version 10 pts,Density of Solids and Liquids: Autograded Version 80 pts,Measuring Mass Pre-Lab 70 pts,Measuring Volume Pre-Lab 120 pts,Concepts in Acid-Base Titrations: Autograded Version 40 pts,Converting Concentrations to Different Units: Autograded Version 70 pts,Creating Chemical Compounds: Autograded Version 50 pts,Creating a Solution of Known Molarity: Autograded Version 40 pts,Elements and the Periodic Table: Autograded Version 60 pts,Endothermic vs. Exothermic: Autograded Version 20 pts,Energy of Combustion: Autograded Version 40 pts,Flame Tests: Autograded Version 30 pts,Freezing Point Depression: Autograded Version 60 pts,"Gas Laws: Pressure, Volume, Temperature and Moles: Autograded Version 70 pts",Heat of Fusion: Autograded Version 60 pts,Heat of Reaction: NaOH + HCl: Autograded Version 90 pts,Names and Formulas of Ionic Compounds: Autograded Version 10 pts,Phase Changes of Water: Autograded Version 70 pts,Rutherford's Experiment: Autograded Version 70 pts,Total 1060 pts,%,Comment,Instructor Note
"Aardvark, Amy",1687ce22,10,80,60,120,-,70,-,-,60,-,-,-,-,65,-,-,5.7,20,-,490.7/1060,46.3%,,
"Bradley, Jeff",4cfd98a23,10,80,70,80,40,70,-,40,60,0,-,-,45,70,-,-,6.7,50,-,621.7/1060,58.7%,,
"Cannon, Lucy",c76e2f6f5,7.9,70,70,110,-,-,-,-,60,-,-,-,-,70,-,-,8.8,70,-,466.7/1060,44%,,
Averages,,8.3,71.3,62.3,97.7,36.7,70,-,30,59.4,17.5,-,-,44,60.3,-,-,6.6,53.8,-,40.3%,40.3%,,
